city,year,weekofyear,total_cases
sj,2008,1,8
sj,2008,2,5
sj,2008,3,3
sj,2008,4,9
sj,2008,5,2
sj,2008,6,3
sj,2008,7,1
sj,2008,8,4
sj,2008,9,6
sj,2008,10,7
sj,2008,12,1
sj,2008,13,6
sj,2008,14,4
sj,2008,15,5
sj,2008,16,6
sj,2008,17,4
sj,2008,18,3
sj,2008,19,3
sj,2008,20,1
sj,2008,21,4
sj,2008,22,8
sj,2008,23,6
sj,2008,24,0
sj,2008,25,12
sj,2008,26,5
sj,2008,27,11
sj,2008,28,8
sj,2008,29,17
sj,2008,30,11
sj,2008,31,23
sj,2008,32,14
sj,2008,33,25
sj,2008,34,18
sj,2008,35,26
sj,2008,36,23
sj,2008,37,29
sj,2008,38,21
sj,2008,39,30
sj,2008,40,22
sj,2008,41,36
sj,2008,42,21
sj,2008,43,39
sj,2008,44,23
sj,2008,45,40
sj,2008,46,26
sj,2008,47,41
sj,2008,48,26
sj,2008,49,42
sj,2008,50,30
sj,2008,51,37
sj,2008,52,31
