city,year,weekofyear,week_start_date,ndvi_ne,ndvi_nw,ndvi_se,ndvi_sw,precipitation_amt_mm,reanalysis_air_temp_k,reanalysis_avg_temp_k,reanalysis_dew_point_temp_k,reanalysis_max_air_temp_k,reanalysis_min_air_temp_k,reanalysis_precip_amt_kg_per_m2,reanalysis_relative_humidity_percent,reanalysis_sat_precip_amt_mm,reanalysis_specific_humidity_g_per_kg,reanalysis_tdtr_k,station_avg_temp_c,station_diur_temp_rng_c,station_max_temp_c,station_min_temp_c,station_precip_mm
sj,2008,1,1/1/2008,0.0006,-0.3096,0.2398143,0.1955571,0,298.0385714,298.1214286,293.5142857,299.9,296.6,27.99,76.14857143,0,14.91142857,1.842857143,25.4,5.3,29.4,22.2,55.5
sj,2008,2,1/8/2008,,-0.10825,0.3304857,0.2442857,37.24,298.1428571,298.2285714,293.5957143,300,296.3,37.66,76.13142857,37.24,14.98,2.057142857,24.97142857,5.014285714,28.3,21.1,64.8
sj,2008,3,1/15/2008,,0.0383,0.125,0.1088429,0,297.6271429,297.8714286,293.02,300.1,295.3,4.1,75.64285714,0,14.48857143,3,24.42857143,5.628571429,27.8,20.6,2.5
sj,2008,4,1/22/2008,-0.0268,-0.2153,0.1126143,0.1602143,81.22,297.9685714,298.1285714,293.6357143,299.5,296.4,27.16,77.16714286,81.22,15.06571429,2,24.52857143,4.585714286,27.8,21.1,83.1
sj,2008,5,1/29/2008,,-0.1354,0.2233,0.1709429,0,298.0214286,298.1785714,292.9571429,300.7,294.3,2.7,73.56571429,0,14.40857143,3.3,24.57142857,6.442857143,28.9,20,3.1
sj,2008,6,2/5/2008,-0.1117,-0.0032,0.2328429,0.2711714,0,297.2371429,297.2785714,291.5371429,299.3,295.4,19.7,70.64285714,0,13.22571429,2.071428571,24.21428571,5.157142857,27.2,21.1,35.9
sj,2008,7,2/12/2008,0.072,-0.0631,0.1502,0.1492714,0,297.8385714,297.9071429,292.9414286,299.3,296.5,10.17,74.22857143,0,14.36714286,2.157142857,24.8,6.242857143,28.3,21.1,6.4
sj,2008,8,2/19/2008,-0.13865,-0.09506667,0.2460571,0.2281286,0,297.9071429,298.0571429,293.1342857,299.6,296.4,8.3,74.78571429,0,14.53857143,1.885714286,24.9,5.785714286,28.3,21.7,13.3
sj,2008,9,2/26/2008,,0.01542,0.2116286,0.1173429,0,297.7657143,298.0714286,292.5028571,299.9,296.3,6.46,72.66,0,13.96714286,2.285714286,24.74285714,5.5,27.8,21.1,12.9
sj,2008,10,3/4/2008,-0.0889,-0.09003333,0.2232429,0.1541857,0,297.8785714,298.0071429,293.0528571,299.9,295.5,6.5,74.68142857,0,14.47428571,2.614285714,25.11428571,6.114285714,29.4,21.1,13
sj,2008,11,3/11/2008,-0.3214,-0.1412,0.1106429,0.1410143,0,297.5957143,297.6428571,292.1971429,299.5,296.1,9.38,71.93428571,0,13.72142857,2.085714286,25.32857143,5.814285714,28.9,22.2,4.4
sj,2008,12,3/18/2008,0.0449,0.02445,0.1016286,0.088,0,297.4042857,297.4357143,292.2057143,299.8,294.9,0.9,72.91571429,0,13.73714286,3.871428571,25.2,7.042857143,30,20.6,0.5
sj,2008,13,3/25/2008,0.07785,-0.0399,0.3104714,0.2962429,27.19,296.9585714,296.9571429,292.0957143,299.7,294.4,7.55,74.24714286,27.19,13.64428571,2.885714286,25.04285714,5.785714286,30,21.1,1.8
sj,2008,14,4/1/2008,-0.038,-0.01683333,0.1193714,0.06638571,3.82,298.0814286,298.2285714,293.2357143,299.8,296.5,3.67,74.6,3.82,14.66285714,2.714285714,26.24285714,6.814285714,30.6,22.2,0.5
sj,2008,15,4/8/2008,-0.1552,-0.05275,0.1377571,0.1412143,16.96,297.46,297.5642857,292.7328571,299.4,295.8,35,75.02714286,16.96,14.18428571,2.185714286,25,5.714285714,29.4,21.7,30.7
sj,2008,16,4/15/2008,0.0018,,0.2039,0.2098429,0,297.63,297.7785714,292.2742857,299.7,295.9,4.82,72.28571429,0,13.85857143,2.785714286,25.31428571,6.242857143,29.4,21.7,11.2
sj,2008,17,4/22/2008,-0.037,-0.01036667,0.07731429,0.09058571,0,298.6728571,298.6928571,294.28,300.9,295.9,2.17,76.96,0,15.67142857,3.957142857,27.04285714,7.514285714,31.7,23.3,0.3
iq,2008,18,4/29/2008,0.06172857,0.1339,0.09471429,0.1178429,42.12,298.0728571,299.4142857,296.7414286,306.3,293.1,115.99,93.66285714,42.12,18.39857143,8.685714286,27.86666667,8,32.5,22.7,31.2
iq,2008,19,5/6/2008,0.1361571,0.1631571,0.1391571,0.1345571,50.5,295.9757143,296.8714286,294.6657143,304.5,290.6,47.1,93.15857143,50.5,16.18,6.971428571,26.6,8.966666667,32.4,20.6,18
iq,2008,20,5/13/2008,0.1963857,0.29632,0.2641571,0.2255857,30.08,294.85,295.4214286,293.2442857,304.4,288.5,18.08,91.50428571,30.08,14.78,7.385714286,26.16666667,7.9,31,18,6.1
iq,2008,21,5/20/2008,0.2210167,0.2353167,0.1804429,0.1994714,45.69,296.2685714,296.9357143,295.6385714,303.4,291.7,59.4,96.62142857,45.69,17.14428571,5.957142857,26.35,8.85,31.5,21.4,58.2
iq,2008,22,5/27/2008,0.12245,0.1571,0.086,0.1033143,72.04,296.7414286,297.6928571,295.9942857,304.1,293.8,134.66,96.02571429,72.04,17.52,5.757142857,27.2,9.2,32.3,21.7,76.1
iq,2008,23,6/3/2008,0.1951857,0.1577143,0.1844286,0.1336143,30.09,296.4,297.3571429,295.21,304.4,292.2,73.01,93.98285714,30.09,16.71142857,6.771428571,26.9,7.55,31.1,20.4,13.6
iq,2008,24,6/10/2008,0.2937429,0.2643667,0.2466286,0.2919571,13.27,296.1871429,297.3642857,293.8914286,305.8,288.2,12.9,88.81,13.27,15.37571429,9.3,,,,17.8,6.4
iq,2008,25,6/17/2008,0.2240286,0.1754714,0.2656571,0.2452143,111.18,296.7428571,297.65,295.9342857,304.4,293.8,57.87,95.86,111.18,17.44714286,6.957142857,,,,21,79.8
iq,2008,26,6/24/2008,0.1970429,0.2779833,0.2139429,0.2656143,89.88,296.4585714,297.25,295.1928571,304.8,291.2,61.8,93.79571429,89.88,16.71285714,7.385714286,,,,18,93.5
iq,2008,27,7/1/2008,0.3048286,0.2336714,0.2489143,0.2558143,0,296.5428571,297.8071429,293.83,304.9,290.7,9.4,86.52428571,0,15.28571429,9.442857143,,,,20.8,1.3
iq,2008,28,7/8/2008,0.15385,0.1495857,0.3294429,0.1328857,0,296.5457143,297.4785714,293.5942857,305.9,290.5,7.47,85.65571429,0,15.08,9.271428571,,,,21,0
iq,2008,29,7/15/2008,0.2323857,0.2139571,0.2203,0.1984286,62.84,296.0785714,297.4071429,294.6914286,304.6,291.8,27.33,93.05571429,62.84,16.14285714,8.442857143,,,,21,44.2
iq,2008,30,7/22/2008,0.3270167,0.2091167,0.2837667,0.30955,52.36,296.5457143,297.3142857,295.0028571,306.8,287.8,47.59,92.77714286,52.36,16.58285714,8.6,26.6,9.775,32.4,20.8,18.1
iq,2008,31,7/29/2008,0.3548,0.34655,0.2674167,0.3921167,44.63,297.0442857,298.5,295.37,307.5,292.9,39,92.04857143,44.63,16.87285714,9.771428571,26.68,11.24,33.4,20.6,36.4
iq,2008,32,8/5/2008,0.2002,0.2513857,0.2113429,0.1997286,32.45,297.31,298.5714286,295.5057143,307.4,292.6,143.35,91.09285714,32.45,17.05714286,9.742857143,27.4,12.1,34.2,18.5,18.1
iq,2008,33,8/12/2008,0.4303714,0.4330143,0.4369143,0.4657286,26.03,297.2142857,298.5,295.3471429,305.6,292.7,39.69,90.72714286,26.03,16.84714286,9.342857143,27.9,11.225,34.8,19.8,11
iq,2008,34,8/19/2008,0.2833,0.3044714,0.2744571,0.3805,12.88,299.2285714,300.3071429,294.4185714,310.2,291.8,33,78.27714286,12.88,15.99857143,13.55714286,28,14.075,38.6,19.2,7.9
iq,2008,35,8/26/2008,0.3181857,0.3197667,0.3081714,0.3236,58.2,298.5742857,300.1428571,295.0928571,310.4,292.7,37,84.49142857,58.2,16.65285714,10.74285714,27.83333333,12.53333333,35.1,20.4,44
iq,2008,36,9/2/2008,0.3398,0.3691,0.2888,0.3092333,34.59,298.5314286,300.0714286,294.8614286,309.3,293.2,29,83.05,34.59,16.46571429,10.65714286,27.35,13.225,36.2,20.4,8.1
iq,2008,37,9/9/2008,0.2319,0.27625,0.2612,0.2327833,86.14,296.9214286,298.2428571,295.4842857,305.9,293.4,59.1,92.65285714,86.14,17.03,7.685714286,27.96666667,12.58333333,36.2,20.8,16.5
iq,2008,38,9/16/2008,0.2168,0.2773333,0.2089333,0.3362667,65.43,297.5885714,298.4285714,295.3071429,306.7,292.1,53.5,88.52571429,65.43,16.81857143,8.571428571,27.8,11.6,35.6,20.7,50.1
iq,2008,39,9/23/2008,0.41495,0.3634286,0.3224,0.4006857,61.38,297.66,298.6214286,295.49,309.3,292.7,63.27,90.18142857,61.38,17.04714286,8.157142857,27.75,12.45,37,20.8,26.9
iq,2008,40,9/30/2008,0.3930857,0.3782714,0.3437,0.4048429,24.28,299.1785714,301.15,294.7614286,310.2,292.4,121.3,79.50285714,24.28,16.33142857,12.78571429,,,36,19.6,1
iq,2008,41,10/7/2008,0.1605571,0.1638714,0.1949333,0.2061143,69.47,300.1014286,301.4071429,295.3614286,310.4,294,53.9,78.45428571,69.47,17.01857143,12.01428571,30.03333333,13.96666667,37,21.5,57.7
iq,2008,42,10/14/2008,0.2882,0.2278571,0.2807571,0.3579714,69.39,298.35,299.9,295.9157143,310.5,292.7,67.9,88.85714286,69.39,17.52714286,9.971428571,26.45,9.1,34.7,21,24.9
iq,2008,43,10/21/2008,0.3291571,0.2279,0.2733429,0.2568429,52.65,297.8671429,298.9857143,296.7014286,305,292.7,111.9,93.85428571,52.65,18.38857143,8.714285714,27.33333333,10.06666667,35.5,21.5,24.2
iq,2008,44,10/28/2008,0.1617429,0.1962,0.1982714,0.2196143,43.6,298.3728571,299.8,296.8257143,308.5,294,149.1,92.60857143,43.6,18.48428571,8.571428571,27.4,11.35,35,21.2,0
iq,2008,45,11/4/2008,0.5010286,0.445,0.4276857,0.5457286,57.85,298.4642857,299.5285714,297.4685714,307.2,293.1,107.48,95.29,57.85,19.25285714,7.085714286,27.82,12.1,35.6,21.2,109
iq,2008,46,11/11/2008,0.3042857,0.2946429,0.3062714,0.4003857,60.36,298.4985714,300.2214286,296.01,309.6,293.7,63.9,88.32857143,60.36,17.62571429,10.01428571,28.3,12.86666667,36,20.5,42.6
iq,2008,47,11/18/2008,0.1930571,0.1965286,0.1762571,0.1830571,59.44,298.89,300.3071429,297.7414286,307.2,295.2,199.52,94.14142857,59.44,19.61714286,7.814285714,27.96666667,12.1,34.5,21.7,10.6
iq,2008,48,11/25/2008,0.2510143,0.2883143,0.2537,0.3213,81.11,298.53,299.7214286,297.5771429,306.1,294.7,90.68,95.26,81.11,19.38857143,7.1,26.1,8.35,33.5,21,59
iq,2008,49,12/2/2008,0.1643667,0.19635,0.1731333,0.1549167,45.03,298.1114286,299.1285714,297.0442857,305.2,293.4,139.55,94.64,45.03,18.77857143,7.142857143,26.96,10.64,33.7,21,80
iq,2008,50,12/9/2008,0.2894167,0.34778,0.2748286,0.2580857,64.03,298.6514286,300.2142857,296.1828571,308.9,295.1,53.25,88.55142857,64.03,17.78428571,9.2,27.8,11.175,35,21.2,17.2
iq,2008,51,12/16/2008,0.1783857,0.2191714,0.2497286,0.1923,70.92,298.5285714,300.2571429,296.8471429,306.3,295.2,57.61,91.77714286,70.92,18.57285714,9.057142857,27.825,12.15,35,20.5,51
iq,2008,52,12/23/2008,0.2634125,0.219875,0.2000875,0.226625,55.11,299.5571429,300.7714286,295.5942857,308.3,293.9,41.6,81.86857143,55.11,17.24857143,10.34285714,28.08,12.02,35.4,21.2,0.5
